SKU,Item Name,Date,QTY Sold,Price
000001,Brown Paper Bag (1),2025-09-01 12:13:50,220,0.25
0270XC,Chase Authentic Racing Leather Jacket Bw (1),2025-09-01 12:13:50,1,99.99
0003BE,The Flight Club Suede Leather Varsity Jacket L B (1),2025-09-01 12:15:16,1,74.99
0003FU,Magenta and Purple Slip A (1),2025-09-01 13:01:40,1,27.99
01415M,SALE green checkered wool skirt (1),2025-09-01 13:01:40,1,14.0
01X063,Angelico Necklace (1),2025-09-01 13:30:07,4,28.0
03D007,AJ7-Bracelet- $10 (1),2025-09-01 13:30:07,1,10.0
0140Y0,SALE polka dot slip (1),2025-09-01 13:42:23,1,13.0
02B002,Delicate Baby Cat Waterproof Vinyl Sticker (1),2025-09-01 13:46:24,4,3.99
02B006,Incorrigible Waterproof Vinyl Sticker (1),2025-09-01 13:46:24,4,3.99
02B00G,Summoning Waterproof Vinyl Sticker (1),2025-09-01 13:46:24,3,3.99
02B017,Baby on Board Waterproof Vinyl Sticker (2),2025-09-01 13:46:24,2,7.98
03W00R,I'm a delight sticker (1),2025-09-01 13:49:19,1,4.0
0001VQ,Lays Chips Sweet & Spicy Fried Chicken (1),2025-09-01 13:50:10,3,4.99
02901K,Guilty Of Doin Too Much (1),2025-09-01 13:50:10,6,2.5
0003L5,Jennifer Moore Black Floral Button Up L A (1),2025-09-01 14:11:03,1,27.99
01Y048,Charm Earrings Tier 2 (1),2025-09-01 14:11:03,1,22.0
029010,Thizz Face (1),2025-09-01 14:11:03,3,2.5
029018,Reserved For Your Mom (1),2025-09-01 14:11:03,1,3.0
02901C,Respect or Expect (1),2025-09-01 14:11:03,1,3.0
03K01O,2 for 40 lotus & thai tea (1),2025-09-01 14:11:03,1,40.0
03W00J,Jake Angel Sticker (1),2025-09-01 14:11:03,2,4.0
03W017,Just Farted Tomato Sticker (1),2025-09-01 14:11:03,1,4.0
03X018,Coffin Cat Pin. (1),2025-09-01 14:11:42,1,10.0
0003JZ,y2k Rocawear Sukajan Souvenir Bomber Jacket Red and Black 3XL B (1),2025-09-01 14:12:21,1,89.99
02R01V,IT'S-THE-BAY sticker (2),2025-09-01 14:21:00,2,6.0
03L00L,Shiki Ramen (2),2025-09-01 14:21:00,2,6.0
041003,Waterproof Sticker Sheet by @Wanderellaco (2),2025-09-01 14:21:00,2,20.0
03L00V,Cat Yuki (1),2025-09-01 14:25:29,1,3.0
03L00Y,Miffy Flower (1),2025-09-01 14:25:29,1,3.0
03L017,Miffy IG Post Sticker (1),2025-09-01 14:25:29,3,3.0
04900F,My cat likes you (1),2025-09-01 14:25:29,1,5.0
0002VQ,Oreo Grape and Peach (1),2025-09-01 14:33:04,2,5.5
02A064,sonny keychain (1),2025-09-01 14:42:20,3,22.99
0380CS,2025 Aug Goose Earrings (1),2025-09-01 14:43:01,3,16.0
0003LQ,y2k F21 Gray Button Up Tee M A (1),2025-09-01 14:44:56,1,24.99
00F1F7,1120-vintage coffee-M (1),2025-09-01 15:03:38,1,30.0
02A065,shot glass (1),2025-09-01 15:03:38,24,5.99
04A009,Crazy Flare Jeans (1),2025-09-01 15:04:34,1,45.0
03I07M,silver crochet sweater (1),2025-09-01 15:05:32,1,28.0
00F157,K7-A220 white dress (1),2025-09-01 15:13:52,1,39.0
0003D4,Miracle Silk Red Button Up Tee M A (1),2025-09-01 15:22:43,1,29.99
02I016,Smiski Dango Keychain (1),2025-09-01 15:23:36,2,12.0
02Q00S,Lucky Cat Smiski Mini Charm (1),2025-09-01 15:23:36,2,10.0
00F1K4,1720 - Gray - S (1),2025-09-01 15:40:50,1,29.0
0003C8,Freeze dried gummy worms (1),2025-09-01 15:41:34,2,6.99
02O08A,Shorts/skirt Ed (1),2025-09-01 15:49:53,5,36.99
03Y0ID,barca jersey. (1),2025-09-01 15:57:22,1,15.0
0002UC,Oreo Strawberry Cream Flavor (1),2025-09-01 16:09:38,3,5.5
01416L,SALE red tube dress (1),2025-09-01 16:14:51,1,13.0
03O09F,Brown Blouse $ale (1),2025-09-01 16:17:19,1,10.0
0002LI,Oasis Treasure Dubai Chocolate Pistachio (1),2025-09-01 16:17:58,1,10.99
02W00Q,AE Flower Pot (1),2025-09-01 16:27:06,3,20.0
02713Y,Beams JP. Play Station Sweater A (1),2025-09-01 16:29:49,1,39.99
02714S,Kuhl Jacket A (1),2025-09-01 16:30:43,1,29.99
029006,Dime Bag (1),2025-09-01 16:38:19,2,2.5
029010,Thizz Face (2),2025-09-01 16:38:19,2,5.0
0003L6,Make + Model Babydoll Black Blouse A (1),2025-09-01 16:39:41,1,27.99
0003AS,Gamer Blue and Black Graphic Tee B (1),2025-09-01 16:42:22,1,25.99
03Y0HH,2000s Diesel long sleeve hood (1),2025-09-01 16:42:22,1,15.0
0001PD,Y2k Custo Barcelona Red Floral Button Up (1),2025-09-01 16:48:07,1,14.0
03I09H,$10 DEALS (1),2025-09-01 16:48:07,1,10.0
03O092,Y2K Skull Tank $ale (1),2025-09-01 16:48:07,1,14.0
0003D8,y2k Vanilla Sugar Bedazzled Floral Long Sleeve 2X V (1),2025-09-01 16:57:32,1,29.99
0003LH,Gray Sparkly Sweater A (1),2025-09-01 16:57:32,1,27.99
00F1O5,black lingerie (1),2025-09-01 16:57:32,1,20.0
02I005,Cinnamoroll Sonny Angel Peeker Sticker (1),2025-09-01 16:57:32,2,8.0
02I00Z,Rilakkuma SA Sticker (1),2025-09-01 16:57:32,2,4.0
041004,Waterproof Sticker by @wanderellaco (2),2025-09-01 16:57:32,10,10.0
041005,Air Freshener by @wanderellaco (1),2025-09-01 16:57:32,4,8.0
03F00M,Clay Meadow Stickers (2),2025-09-01 16:58:11,12,8.0
02713F,VTG Double R Ralph Lauren Pinstriped Shirt A (1),2025-09-01 16:59:06,1,49.99
00F1I8,AF gray sweater (1),2025-09-01 17:01:04,1,39.0
01Y053,Double Peridot Earrings (1),2025-09-01 17:01:04,1,34.0
02711B,Lauren Ralph Lauren Crochet skirt $14 Sale (1),2025-09-01 17:01:04,1,14.0
02Q021,Buff Snorlax Flight Tag (1),2025-09-01 17:09:55,5,8.0
041004,Waterproof Sticker by @wanderellaco (1),2025-09-01 17:17:05,11,5.0
0003L2,Banana Republic Gray Slacks sz 6 A (1),2025-09-01 17:22:16,1,26.99
03B0CI,Vintage Black Indiana Collection Leather Jacket (1),2025-09-01 17:23:37,1,92.98
0002SY,Max Jeans Pink Coral Utility Jacket M TO (1),2025-09-01 17:26:24,1,25.99
0003IW,No Boundaries It's All Good Black Tee L B (1),2025-09-01 17:27:27,1,24.99
0003KA,y2k Bugle Boy Crash the Boards Blue Tee  Made in USA L B (1),2025-09-01 17:32:41,1,34.99
00F1EU,2588 - washed gray - XL (1),2025-09-01 17:32:41,1,32.0
00F1M3,Marrakech beige jacket (1),2025-09-01 17:51:57,1,55.0
02B005,Email Meeting Waterproof Vinyl Sticker (1),2025-09-01 17:57:04,1,3.99
03W00M,Usahana Scream sticker (1),2025-09-01 17:57:04,1,4.0
0001K5,Mango Gummy 8D Peelable Candy Containing Concentrate Gummy (1),2025-09-01 18:09:31,1,4.99
049012,Miffy clicker keychain (1),2025-09-01 19:09:50,2,22.0
0002AG,Juicy Couture Gray Denim Jeans GW (1),2025-09-02 12:26:04,1,20.0
02T15K,abercrombie & fitch denim miniskirt perfection â‹† Ëšï½¡â‹†à­¨ğšğš›ğšğš—ğšğš¢ ğšğšğš›ğš•ğš¢à­§â‹† Ëšï½¡â‹† (1),2025-09-02 12:38:24,1,50.0
02T15M,abercrombie & fitch denim miniskirt applique â‹† Ëšï½¡â‹†à­¨ğšğš›ğšğš—ğšğš¢ ğšğšğš›ğš•ğš¢à­§â‹† Ëšï½¡â‹† (1),2025-09-02 12:38:24,1,50.0
0003CE,Sylvie & Mado Blue and Tan Patterned Dress A (1),2025-09-02 12:49:53,1,34.99
02F0AV,y2k silk cropped hawaiian shirt (1),2025-09-02 12:49:53,1,32.0
00902R,2 Pc Dragonfly Clip (1),2025-09-02 13:42:31,3,10.0
041003,Waterproof Sticker Sheet by @Wanderellaco (1),2025-09-02 13:42:31,7,10.0
00F1NC,kumikyoku orange tanktop (1),2025-09-02 13:49:47,1,27.0
027139,Y2K Abercombie Slit Skirt $14 SALE A (1),2025-09-02 14:11:15,1,14.0
02713P,Tan Jumpsuit $14 SALE A (1),2025-09-02 14:11:15,1,14.0
00902O,Phone Charm (1),2025-09-02 14:59:07,2,15.0
014162,paisley plus size blouse (1),2025-09-02 15:01:40,1,25.0
00F17T,blue strip cami dress (1),2025-09-02 15:02:40,1,29.0
02714P,Y2K Daytrip Top $14 SALE A (1),2025-09-02 15:14:22,1,14.0
000227,Italian Stone Design Genuin Leather Coat with Fur (1),2025-09-02 15:17:35,1,59.99
0002OB,Harley Davidson Maryland Bedazzled Coral Half Sleeve V Neck XS Sac (1),2025-09-02 15:18:56,1,29.99
0003K7,Vtg Rare 90s Silver Tab Military Style Denim Jacket XL B (1),2025-09-02 16:04:16,1,102.99
03W003,Berry Much Card (1),2025-09-02 16:10:36,2,6.0
02900S,BART Ticket - Magnet (1),2025-09-02 17:07:20,3,12.0
00033X,Carhartt Double Knee Relaxed Fit 30x34 B (1),2025-09-02 17:27:07,1,49.99
02715S,VTG Izod Golf Polo $14 SALE A (1),2025-09-02 17:30:07,1,14.0
02O089,Cami Ed 4 (1),2025-09-02 17:37:31,1,37.99
02I00Y,Pompompurin SA Sticker (1),2025-09-02 17:43:03,1,4.0
01X03D,Kitty Paw Phonecharm (1),2025-09-02 17:57:40,1,10.0
02I00B,My Melody Sonny Angel Button (1),2025-09-02 17:57:40,2,5.0
04E005,Green Sequin Top (1),2025-09-02 18:12:52,1,35.0
02714U,Y2K Lucky Brand Jeans $18 SALE A (1),2025-09-03 12:13:40,1,18.0
01X06J,Angelico Keychain (1),2025-09-03 12:26:16,1,15.0
02T0XO,$15  ğ–‘ğ–”ğ–”ğ–™ ğ–”ğ–“ ğ–™ğ–ğ–Š ğ–‘ğ–”ğ–œ (1),2025-09-03 12:32:54,1,15.0
02T176,vintage leather shimmer coach bb good condition slouchy bag â€¢*ğ“«ğ“ªğ“° ğ“µğ“ªğ“­ğ”‚ ËË‹Â°â€¢*â€â· (1),2025-09-03 12:33:42,1,64.0
00F1GA,brown stripe corsetry (1),2025-09-03 12:35:54,3,43.0
00F1JQ,PINK velvet hoodie (1),2025-09-03 12:35:54,1,39.0
03D001,AJ1 - Necklaces - $25 (1),2025-09-03 12:35:54,3,25.0
03W002,Frenchie Fairy Card (1),2025-09-03 13:16:41,2,6.0
03L00D,Boba Hello Kitty Keychain (1),2025-09-03 13:39:22,1,12.0
02Q020,Lucky Cat Smiski Flight Tag (1),2025-09-03 14:30:57,2,8.0
04E02A,Black chained corset (1),2025-09-03 15:13:35,1,50.0
029003,Icy (1),2025-09-03 15:15:36,2,3.0
029007,Hella (1),2025-09-03 15:15:36,3,2.5
02900D,Mac Dre Locket (2),2025-09-03 15:15:36,2,5.0
02A05O,Sonny backpack (1),2025-09-03 15:16:59,1,15.5
03D002,AJ2 - Bracelets - $25 (1),2025-09-03 15:16:59,4,25.0
01417O,vtg hm milkmaid coquette dress (1),2025-09-03 15:55:49,1,30.0
03F00O,Clay Meadow Bumper Stickers (1),2025-09-03 15:58:58,3,12.0
00F1LH,Gray knit red plaid skort (1),2025-09-03 17:16:23,1,39.0
03O08D,VTG LEATHER (1),2025-09-03 17:22:56,1,130.0
03I08R,slouchy khaki jacket (1),2025-09-03 17:24:55,1,38.0
03Y0FZ,2000s old navy flair pants (1),2025-09-03 17:24:55,1,15.0
03I09W,flowy tank with lace hem (1),2025-09-03 17:26:46,1,26.0
03Y0HU,Sideout y2k surf shirt (1),2025-09-04 12:40:44,1,15.0
00U00E,Tintin x Chinatown Beige Hoodie XL (1),2025-09-04 13:28:59,1,72.0
000390,ODM Guardians of Paradise Dragon and Tiger Blue Tee XL B (1),2025-09-04 13:41:50,1,34.99
02714E,VTG Nike Swoosh Sweater A (1),2025-09-04 13:41:50,1,29.99
0380D8,2025 Aug Goldfish Earrings (1),2025-09-04 13:41:50,2,16.0
0002EF,Patagonia Blue Fleece Sweater L WN (1),2025-09-04 13:46:12,1,32.99
02R001,Golden Gate Park Card (1),2025-09-04 13:46:12,1,6.0
02R004,The Fight Card (1),2025-09-04 13:46:12,2,6.0
02R00I,GG Park Sticker (1),2025-09-04 13:46:12,1,3.0
02R01Q,IT'S THE BAY Postcard (1),2025-09-04 13:46:12,1,6.0
02R01V,IT'S-THE-BAY sticker (1),2025-09-04 13:46:12,5,3.0
0380BX,2025 July Purple Crane (1),2025-09-04 13:46:48,1,16.0
0380CE,2025 Aug Matcha (1),2025-09-04 13:46:48,1,16.0
02715C,Y2K Diesel Flare Jeans $20 SALE A (1),2025-09-04 14:21:42,1,20.0
02B00L,Incorrigible Mini Print (1),2025-09-04 14:30:04,4,4.99
02R01C,Dolo Sticker (1),2025-09-04 14:30:04,1,3.0
0270Z3,VTG Dicks Tee Bw (1),2025-09-04 14:42:41,1,29.99
01417J,black sirencore plus size vest (1),2025-09-04 14:48:23,1,30.0
03E0BV,Black lacey low cut blouse (1),2025-09-04 14:49:24,1,25.0
0003N4,Freeze Dried Sour Button Candy (1),2025-09-04 15:03:55,5,6.99
03W00I,Eat the rich Sticker (1),2025-09-04 15:16:04,4,4.0
02713Q,Y2K Chadwicks Floral Top $14 SALE A (1),2025-09-04 15:19:56,1,14.0
0003BR,Feathers Black Lace Mesh Long Sleeve 2X A (1),2025-09-04 15:21:40,1,32.99
0003GY,Victoria's Secret Black and Nude Lace Corset A (1),2025-09-04 15:26:18,1,29.99
02O087,Corset Ed 2 (1),2025-09-04 15:28:03,7,34.99
04E01E,Fur & Leather Jacket (1),2025-09-04 15:30:46,1,150.0
029004,Golden State (1),2025-09-04 16:04:12,1,2.5
02B017,Baby on Board Waterproof Vinyl Sticker (1),2025-09-04 16:04:46,3,3.99
03F00M,Clay Meadow Stickers (1),2025-09-04 16:04:46,19,4.0
00F196,red 49ers shirt (1),2025-09-04 16:31:18,1,29.0
03P08J,Miss me saint 28x33 (1),2025-09-04 16:39:42,1,69.99
0002X7,Joy Fur Lined Brown Suede Coat Sac (1),2025-09-04 17:20:06,1,74.99
03P08M,Missme cowhide 26x30 (1),2025-09-04 17:42:30,1,69.99
03L018,Cinna IG Post Sticker (1),2025-09-04 17:58:19,1,3.0
00U00P,Chinese Opera Mask Black shorts L (1),2025-09-04 18:46:00,1,34.0
02B009,Mochi Pout Waterproof Vinyl Sticker (1),2025-09-04 18:46:00,1,3.99
02B00B,Oh No Waterproof Vinyl Sticker (1),2025-09-04 18:46:00,1,3.99
0380CV,2025 Aug Bok Choy Earrings (1),2025-09-04 18:46:00,2,16.0
02B012,Special Interest Sticker (1),2025-09-04 18:52:28,2,3.99
01Y05B,Fig Strawberry (1),2025-09-05 12:13:01,1,30.0
02I012,Bimbo Glitter Vinyl Sticker (1),2025-09-05 12:13:01,2,4.0
02Q02A,Bobby Zimomo Sticker (1),2025-09-05 12:13:01,1,5.0
0003MA,Burleska Leather Brown Goth Steampunk Corset A (1),2025-09-05 12:24:08,1,44.99
02715P,Forever 21 Lace Romper $14 SALE A (1),2025-09-05 13:51:08,1,14.0
029013,SF Golden Gate Shirt - Small (1),2025-09-05 14:01:54,2,35.0
00039H,Fox Black Long Sleeve XL B (1),2025-09-05 14:15:03,1,32.99
02B015,Not Your Strongest Soldier Waterproof Vinyl Sticker (1),2025-09-05 14:28:20,2,3.99
00F1NH,ICINOO leather jacket (1),2025-09-05 15:13:54,1,45.0
02O08E,Nokia leather jacket Ed 8 (1),2025-09-05 15:20:26,1,219.99
0002GA,Casual Corner Annex Black Patterned Blouse M AF (1),2025-09-05 15:48:58,1,12.0
00F1MI,black mesh lingerie (1),2025-09-05 16:12:38,1,19.0
00039D,y2k Ecko Unltd Navy Full ZIp Hoodie w/ Red Details 2XL B (1),2025-09-05 16:16:10,1,49.99
0380C5,2025 Aug Beaded Flower (1),2025-09-05 16:33:43,1,15.0
02B00M,Summoning Mini Print (1),2025-09-05 16:40:15,1,4.99
02B019,Per My Last Email Waterproof Vinyl Sticker (1),2025-09-05 16:40:15,2,3.99
02R020,Windy Sticker (1),2025-09-05 16:42:11,7,3.0
03Y0JT,2000s Hydraulic flair jeans (1),2025-09-05 16:48:45,1,15.0
03Y0I5,juicy couture zip up (1),2025-09-05 16:54:17,1,15.0
00021I,Polo Jeans Co Pink Sweater (1),2025-09-05 16:59:26,1,14.0
03E06F,Leopard print lingerie top (1),2025-09-05 17:12:44,1,32.0
03Y0JJ,red fem knitted hoodie (1),2025-09-05 17:36:51,1,15.0
027104,Charter Club Silk Floral Skirt A (1),2025-09-05 17:37:40,1,14.0
00F1D1,black lace tube (1),2025-09-05 17:39:47,1,10.0
03P08N,Missme wings 30x30 (1),2025-09-05 17:52:57,1,74.99
02R019,BART Small Print (1),2025-09-05 18:00:26,6,16.0
02R00V,GG Park Small Print (1),2025-09-05 18:01:04,1,16.0
03L006,Bunny Hangyodon (1),2025-09-05 18:01:04,1,3.0
03Y0JK,2000s mud zip up (1),2025-09-05 18:21:42,1,15.0
00023G,Vtg Super Grandma Crewneck Made in USA (1),2025-09-05 18:34:27,1,14.0
03Y0IH,90s cat double sweaterâ€¦ (1),2025-09-05 18:34:27,1,15.0
03Y0JP,2000s rugby shirt (1),2025-09-05 18:34:27,1,15.0
000353,Carhartt B17STW Denim 34x34 B (1),2025-09-05 18:38:41,1,49.99
00F1NP,1793 - Snowflake - S (1),2025-09-05 18:38:41,3,32.0
02713R,Max Studio Silk Top $14 SALE A (1),2025-09-05 18:53:00,1,14.0
02A060,Animal keychain (1),2025-09-05 18:58:53,1,16.99
03Y0IQ,flower double sweater â€¦. (1),2025-09-06 12:45:43,1,15.0
02A067,Simple keychain (1),2025-09-06 13:06:11,2,12.22
02R00H,Mission Dolores Poster (1),2025-09-06 13:28:41,1,25.0
01X06V,Angelico Rope Necklace (1),2025-09-06 13:33:08,4,12.0
04E00J,Bats In My Belfry Baby Tee (1),2025-09-06 13:33:08,1,39.0
03P08O,Missme flower 28x30 (1),2025-09-06 13:41:55,1,74.99
03O09A,Nike Fleece Sweater (1),2025-09-06 13:47:44,1,14.0
03Y0JG,Polo zip up hoodie black (1),2025-09-06 13:47:44,1,15.0
03Y0IM,y2k fem hoodie â€¦ (1),2025-09-06 14:03:20,1,15.0
00F0J1,Chain Belt 05 (1),2025-09-06 14:09:28,2,19.0
03O0A2,Affliction Cross Button-Up Shirt (1),2025-09-06 14:30:29,1,30.0
03Y0JC,patagonia zip up (1),2025-09-06 14:32:11,1,15.0
03Y0JQ,vintage jacket (1),2025-09-06 14:32:11,1,15.0
0002O8,Harley Davidson Jamaica Orange Tank Top XL Sac (1),2025-09-06 14:34:33,1,25.99
0002QJ,Vtg Fresh Threadz Denim Patch Black Orange Green Jacket L WN (1),2025-09-06 14:34:33,1,44.99
0003NV,Ecko Unltd Olive Brown Cargo Shorts sz 32 B (1),2025-09-06 14:34:33,1,32.99
03Y0DR,see you in my dreams tank (1),2025-09-06 14:35:18,1,15.0
03K001,Yuzu Hinoki - 8oz (1),2025-09-06 14:41:01,1,25.0
0003KY,Roxy Quiksilver Pink Baby Tee M A (1),2025-09-06 14:46:00,1,24.99
03Y0HY,2000s Polo long sleeve (1),2025-09-06 14:51:04,1,15.0
00F1OD,1720 - Brown - S (1),2025-09-06 14:52:25,1,29.0
0380DV,2025 Sep  Lily (1),2025-09-06 14:52:25,1,16.0
014166,black sinful y2k longsleeve/mini dress (1),2025-09-06 14:59:26,1,32.0
03Y0JX,y2k shirt (1),2025-09-06 15:08:44,1,15.0
03E0C5,Dark Purple layered skirt (1),2025-09-06 15:11:31,1,27.0
03L00J,Shiki Cowboy (1),2025-09-06 15:12:32,2,3.0
03R001,Gold Chain Necklace (1),2025-09-06 15:12:32,14,35.0
0380BY,2025 July Goldfish (1),2025-09-06 15:19:14,1,15.0
0380BC,2025 July mushroom (1),2025-09-06 15:23:51,1,15.0
0003CF,Aziz Brown Floral Dress A (1),2025-09-06 15:48:21,1,34.99
0003MS,Wrapper Black and Red Floral Blouse A (1),2025-09-06 15:49:08,1,29.99
0380BT,2025 July Blue Crane (1),2025-09-06 15:53:32,1,16.0
0003FP,Free People Navy Waffle Knit Long Sleeve XS A (1),2025-09-06 15:59:49,1,29.99
0003K0,Polo Sport Ralph Lauren Black Tan White Striped Polo Tee XXL B (1),2025-09-06 16:14:18,1,24.99
03I09O,slouchy striped cardigan (1),2025-09-06 16:15:48,1,24.0
03O0AB,Columbia Jersey Baby Tee (1),2025-09-06 16:27:36,1,25.0
03P07R,Dickies y2k s0490 (1),2025-09-06 16:28:27,1,29.99
02T175,vintage b makowski learger bag slouch good â€¢*ğ“«ğ“ªğ“° ğ“µğ“ªğ“­ğ”‚ ËË‹Â°â€¢*â€â· (1),2025-09-06 16:29:58,1,52.0
04E00G,Baby Pink & Black Lingere (1),2025-09-06 16:30:44,1,38.0
02T0ZQ,vintage perlina leather tassel shoulder bag â€¢*ğ“«ğ“ªğ“° ğ“µğ“ªğ“­ğ”‚ ËË‹Â°â€¢*â€â· (1),2025-09-06 16:39:55,1,45.0
03I0A8,2000s guess clutch (1),2025-09-06 16:59:24,1,32.0
02Q02O,Bart Smiski Sticker Sheet (1),2025-09-06 17:00:14,1,7.0
01X02P,Half Pearl/Chain Heart Starlet Bracelet (1),2025-09-06 17:05:45,1,14.0
00039Y,Meiji Kajyu Grape Gummy Candy (1),2025-09-06 17:06:16,2,4.5
02A065,shot glass (3),2025-09-06 17:13:18,6,17.97
0001SU,Silver Jeans Suki Denim Jeans (1),2025-09-06 17:18:08,1,20.99
0003JX,y2k Enyce Navy Gray White Colorblock Full Zip Hoodie XL B (1),2025-09-06 17:22:45,1,49.99
02A065,shot glass (2),2025-09-06 17:24:03,12,11.98
02Q01X,â€œIâ€™m Babyâ€ Smiski Mini Charm (1),2025-09-06 17:25:08,1,10.0
03L012,Bunny Hello Kitty  Keychain (1),2025-09-06 17:25:08,1,12.0
00F0KH,Green corsetry (1),2025-09-06 17:27:45,1,29.0
00F1N7,White beads tie back (1),2025-09-06 17:27:45,1,50.0
04E01N,Red AE tube top (1),2025-09-06 17:27:45,1,29.99
04E01R,Beaded bag (1),2025-09-06 17:27:45,1,35.0
03O07L,VTG Giants 2002 $ale (1),2025-09-06 17:28:44,1,14.0
00601L,$25 Item (1),2025-09-06 17:31:18,2,25.0
027148,Polo Ralph Lauren Casual Wear A (1),2025-09-06 17:32:00,1,29.99
03E0CJ,Early 2000's F21 white zip up vest (1),2025-09-06 17:34:39,1,38.0
02714N,Western Crochet Top $14 SALE A (1),2025-09-06 17:40:24,1,14.0
00F1AJ,denim ruffle skort (1),2025-09-06 17:50:42,3,39.0
00F1G1,beaded sheer mesh tie halter tank top - gold (1),2025-09-06 17:55:55,1,50.0
0380CR,2025 Aug Dainty Butterfly Earrings (1),2025-09-06 17:55:55,3,16.0
0380EF,2025 Sep Lotus (1),2025-09-06 17:55:55,1,16.0
02W00A,AE Green Plant Hanger (1),2025-09-06 17:57:10,2,25.0
041006,Art print by @Wanderellaco (1),2025-09-06 17:57:10,2,10.0
00034L,Carhartt Gray Hooded Jacket L Made in Mexico B (1),2025-09-06 18:04:05,1,164.99
03Y0HX,patagonia Zip up (1),2025-09-06 19:11:52,1,15.0
03Y0I0,Y2k hurley zip up (1),2025-09-06 19:11:52,1,15.0
03Y0JS,black scuba lululemon zip up hoodie (1),2025-09-06 19:11:52,1,15.0
03Y0GE,cal berkeley zip hood top (1),2025-09-06 19:12:22,1,15.0
02R01J,Caltrain 11 x 14 (1),2025-09-06 19:26:15,1,25.0
0003LB,French Kiss USA Gray Button Up A (1),2025-09-06 19:28:56,1,24.99
0003NL,Stooshy Beige Linen Blouse S A (1),2025-09-06 19:28:56,1,26.99
02Q02N,Thumbs Up Snoopy Mini Charm (1),2025-09-06 19:28:56,1,10.0
03Y0JY,BCBG FEM TOP (1),2025-09-06 19:28:56,1,15.0
03I072,y2k wrap top (1),2025-09-06 19:46:00,1,26.0
03P077,Hybrid L s0300 (1),2025-09-06 19:46:00,1,34.99
02R00J,MUNI sticker (1),2025-09-07 11:58:46,4,3.0
02O08B,Fur coat Ed 5 (1),2025-09-07 12:10:06,1,119.99
0001ZF,$10 steals (1),2025-09-07 12:36:33,2,10.0
03I0AN,boho mini dress (1),2025-09-07 12:43:23,1,32.0
0003GU,Juicy Couture Black Velour Pants XL A (1),2025-09-07 12:45:35,1,32.99
01X06T,Angelico earrings (1),2025-09-07 13:19:24,2,11.0
02710R,Hillard & Hanson Maxi Office Siren Skirt $14 Sale (1),2025-09-07 13:45:04,1,14.0
02B013,Head Empty No Thoughts Waterproof Vinyl Sticker (1),2025-09-07 14:08:51,5,3.99
02A06C,Sonny angel keychain (1),2025-09-07 14:15:11,7,23.99
02I00W,Hello Kitty SA Sticker (1),2025-09-07 14:15:11,4,4.0
02Q023,Strawberry Labubu Sticker (1),2025-09-07 14:15:11,1,5.0
03W001,Smiski Ur Cool Card (1),2025-09-07 14:15:50,4,6.0
00F133,January Carnation gold necklace (1),2025-09-07 14:19:43,1,18.0
00F13D,August poppy gold necklace (1),2025-09-07 14:19:43,1,18.0
02Q02R,Laptop Smiski Woven Keychain (1),2025-09-07 14:20:39,1,8.0
03Y0JA,y2k baby t shirt (1),2025-09-07 14:20:39,1,15.0
03P08U,Rock revival 29x30 (1),2025-09-07 14:36:05,1,44.99
04E00D,Blue Hollister Top (1),2025-09-07 14:36:05,1,40.0
0003MN,Rock Revival Bedazzled Stitched Back Boot Cut sz 24 A (1),2025-09-07 14:36:27,1,64.99
03B0C7,Long sleeve echo Shirt (1),2025-09-07 14:51:23,1,22.5
03Y0J9,leviâ€™s fem jean jacket (1),2025-09-07 14:52:33,1,15.0
0003LI,y2k Self Esteem Pink and Black Striped Bedazzled Tee L A (1),2025-09-07 14:56:43,1,34.99
0003D1,y2k Twik Bedazzled Tan Tank Blouse V (1),2025-09-07 15:00:15,1,32.99
03E09W,Leopard print lingerie tank top (1),2025-09-07 15:01:39,1,25.0
01418G,japanese cross lace cami tank (1),2025-09-07 15:02:31,1,27.0
03Y0FI,Y2k green and blue Ecko Unltd shirt (1),2025-09-07 15:11:29,1,15.0
0003MF,Charlotte Russe Black Floral Velvet Dress S A (1),2025-09-07 15:12:14,1,36.99
0003NN,Hollister Maroon Ribbed Sweater M A (1),2025-09-07 15:16:49,1,29.99
0002XD,Harley Davidson Pink Lace Reworked Cropped Tee XL Sac (1),2025-09-07 15:17:48,1,32.99
00F0TR,Bebe black denim jacket (1),2025-09-07 15:19:20,1,45.0
0003MW,INC Pink Tan and Black Blouse NEW w/ Tags S A (1),2025-09-07 15:29:43,1,26.99
0003NP,y2k F21 Red Linen Blouse Short Sleeve S A (1),2025-09-07 15:29:43,1,25.99
0003LK,Heart Soul Gray and Black Cardigan S A (1),2025-09-07 15:30:32,1,24.99
0002F1,Andrea Silk Red Purple Orange Floral on Green Button Up Long Sleeve M AF (1),2025-09-07 15:32:25,1,15.0
01414P,SALE dickies cargo pants (1),2025-09-07 15:41:41,1,20.0
0003MC,August Silk Black Blouse w/ Lace M A (1),2025-09-07 15:44:13,1,27.99
02714B,VTG Portgual Nation Team Football Tee A (1),2025-09-07 16:03:55,1,29.99
02I00F,Cinnamoroll Sonny Angel Button (1),2025-09-07 16:18:21,2,5.0
0001QQ,Y2k One World Blouse (1),2025-09-07 16:19:14,1,10.0
02Q02G,Put Emâ€™ Up Snoopy Sticker (1),2025-09-07 16:28:29,2,5.0
02Q01P,Buff Jollibee Chickenjoy Sticker (1),2025-09-07 16:29:16,1,5.0
02900Q,Get Out Of My Swamp (1),2025-09-07 16:35:36,1,15.0
01417X,striped halter dress (1),2025-09-07 17:01:05,1,25.0
00F1JZ,G pants - Pink (1),2025-09-07 17:04:50,1,39.0
00F1NE,Ed black velvet hoodie (1),2025-09-07 17:05:38,1,45.0
02T17X,vintage American eagle denim mini skirt â‹† Ëšï½¡â‹†à­¨ğšğš›ğšğš—ğšğš¢ ğšğšğš›ğš•ğš¢à­§â‹† Ëšï½¡â‹† (1),2025-09-07 17:06:53,1,48.0
00F1G0,beaded sheer mesh tie halter tank top - white (1),2025-09-07 17:07:13,2,50.0
02901A,Thizz Special (1),2025-09-07 17:20:44,1,2.5
03Y0II,purple lululemon zip up â€¦. (1),2025-09-07 17:25:56,1,15.0
03Y0JE,polo jeans zip up hoodie (1),2025-09-07 17:25:56,1,15.0
0140UF,SALE h&m wool sweater (1),2025-09-07 17:28:14,1,14.0
0002K3,Oreo Biscuit Peach Oolong (1),2025-09-07 17:28:54,4,5.5
000328,Oreo Blueberry and Raspberry (1),2025-09-07 17:28:54,3,5.5
02R01Z,Haight Sticker (1),2025-09-07 17:36:40,4,3.0
03L00P,Boba Cats (1),2025-09-07 17:37:22,1,3.0
01Y04S,Moondrop Earrings (1),2025-09-07 17:38:02,1,32.0
00F132,wacoai black lace lingerie dress (1),2025-09-07 17:40:56,1,29.0
02A069,Labubu (1),2025-09-07 17:47:41,3,25.0
03W00F,Pompom Huh? Sticker (1),2025-09-07 17:47:41,1,4.0
0003BU,Blue Slip Dress A (1),2025-09-07 18:01:13,1,32.99
0003L9,Lucky Brand White Peasant Blouse 1X A (1),2025-09-07 18:06:48,1,27.99
02Q02P,Big Into Energy Sticker Sheet (1),2025-09-07 18:10:39,2,7.0
03W007,You are Acceptable Card (1),2025-09-07 18:10:39,1,6.0
03E0BQ,Early 2000's F21 grey halter top (1),2025-09-07 18:11:47,1,35.0
03E0CE,White quarter button up blouse (1),2025-09-07 18:11:47,1,25.0
03E096,Ecko unltd jacket (1),2025-09-07 18:15:19,1,65.0
0270WZ,$14 Sale A (1),2025-09-07 18:16:59,2,14.0
02713N,VTG Ally B. Pinstripe Vest $14 SALE A (1),2025-09-07 18:16:59,1,14.0
02715W,VTG Disney Tiger Shirt $14 SALE A (1),2025-09-07 18:16:59,1,14.0
0380B9,2025 July Moonstone (1),2025-09-07 18:16:59,2,15.0
0003LV,y2k Southpole Plaid Blue and White Jorts sz 32 B (1),2025-09-08 12:43:43,1,32.99
00902L,6Pc Star Clips (1),2025-09-08 13:04:34,6,5.0
029001,BART Ticket (1),2025-09-08 13:04:34,4,3.0
03I0AF,string of fate keychain (1),2025-09-08 13:04:34,1,12.0
04900K,Cat gamer (1),2025-09-08 13:04:34,2,5.0
000365,Lays Garlic Oyster Chips (1),2025-09-08 13:05:19,1,4.99
01Y044,Daisy Drops (1),2025-09-08 13:08:17,1,32.0
01Y05C,Orange Papaya (1),2025-09-08 13:08:17,1,35.0
01416Q,tripp skull mini skirt (1),2025-09-08 13:13:06,1,38.0
00F0JM,Multible denim pleated skirt (1),2025-09-08 13:14:29,1,35.0
02I003,Hello Kitty Sonny Angel Peeker Sticker (1),2025-09-08 14:08:10,1,8.0
00F0LY,chain belt 12 (1),2025-09-08 15:08:51,1,19.0
0002Q0,No Problem! Minnie & Mickey Mouse Denim Jorts sz 11/12 AF (1),2025-09-08 16:04:13,1,31.99
02715Y,Just Fab Top $14 SALE A (1),2025-09-08 16:17:13,1,14.0
0003EI,Hi-Chew Superfruit Mix (1),2025-09-08 16:18:15,1,5.99
00035D,Harley Davidson Angel Wings Back Black Tee M Sac (1),2025-09-08 16:45:54,1,26.99
04E01M,Black and red bcbg tracksuit (1),2025-09-08 16:45:54,1,95.0
0003L4,Southpole Gold and Black Jacket M A (1),2025-09-08 16:57:32,1,42.99
00F1GB,blue stripe corsetry (1),2025-09-08 16:57:32,2,43.0
02900R,Angela Davis (1),2025-09-08 17:22:11,1,2.5
029011,Unite In Solidarity (1),2025-09-08 17:22:11,2,2.5
03L00L,Shiki Ramen (1),2025-09-08 17:22:11,2,3.0
000384,Floral Denim Jacket B (1),2025-09-08 17:27:34,1,32.99
00023L,Guess Black Puffer Jacket (1),2025-09-08 17:29:56,1,35.0
02900B,California Poppy Love (1),2025-09-08 17:50:29,2,2.5
03W00S,Ride or die sticker (1),2025-09-09 12:16:56,2,4.0
02715G,Poof Striped Top $14 SALE A (1),2025-09-09 12:40:06,1,14.0
03Y0CI,2000s future shades long sleeve (1),2025-09-09 12:40:06,1,15.0
02T167,low rise american eagle khaki shortie perfection â‹† Ëšï½¡â‹†à­¨ğšğš›ğšğš—ğšğš¢ ğšğšğš›ğš•ğš¢à­§â‹† Ëšï½¡â‹† (1),2025-09-09 12:56:26,1,45.0
02R00R,Sutro Sticker (1),2025-09-09 13:32:46,1,2.5
02O06R,Juicy hoodies Ed 15 (1),2025-09-09 14:04:32,2,49.99
03Y0JN,49er wind breaker (1),2025-09-09 14:11:58,1,15.0
0270QX,Vtg Guess Jeans (1),2025-09-09 14:32:54,1,29.95
00F127,black denim ruffle skort (1),2025-09-09 14:46:58,1,39.0
0003F2,FTP Black Tee M CK (1),2025-09-09 15:30:43,1,24.99
029019,SF Golden Gate - 2XL (1),2025-09-09 15:31:27,2,35.0
02T17M,Vintage bb good condition slouchy bag â€¢*ğ“«ğ“ªğ“° ğ“µğ“ªğ“­ğ”‚ ËË‹Â°â€¢*â€â· (1),2025-09-09 15:45:23,1,28.0
03P07N,Ed hardy M s0334 (1),2025-09-09 15:52:40,1,49.99
03P099,Tapout s0360 (1),2025-09-09 15:52:40,1,49.99
03O08P,Lee Workwear jacket (1),2025-09-09 15:53:53,1,60.0
02714I,VTG Calvin Klein Sweater A (1),2025-09-09 15:56:28,1,29.99
04E026,Pink floral betsy j lingerie (1),2025-09-09 16:47:16,1,42.0
02712Q,Y2K Banana Republic Jeans $18 SALE A (1),2025-09-09 17:10:59,1,18.0
0002C7,Vtg Baseball Caps WN (1),2025-09-09 17:19:55,1,10.0
02900C,Grown In The Bay (1),2025-09-09 17:19:55,1,2.5
0380DZ,2025 Sep  Blue hearts (1),2025-09-09 17:19:55,1,16.0
03L00T,Cat Shiki (1),2025-09-09 17:19:55,1,3.0
029017,SF Golden Gate - XL (1),2025-09-10 13:20:01,1,35.0
029019,SF Golden Gate - 2XL - Return (1),2025-09-10 13:20:01,1,35.0
0002SR,Ecko Unltd Black and White Long Sleeve XL TO (1),2025-09-10 13:21:34,1,24.99
00F1OK,berretti sweater (1),2025-09-10 13:23:18,1,43.0
0002OL,Black Juicy Couture Bag (1),2025-09-10 13:30:09,1,124.99
0002XY,Anwar Carrots Tee L WN (1),2025-09-10 13:43:59,1,14.0
00F0L2,white lace halter top (1),2025-09-10 13:55:22,1,19.0
014163,SALE red y2k tee (1),2025-09-10 13:56:21,1,20.0
02901J,Made In The Yay -  Pink Tote (1),2025-09-10 15:10:15,1,15.0
0380D1,2025 Aug Dainty Celestials Earrings (1),2025-09-10 15:10:15,1,16.0
00032S,y2k MMA Elite Cream and Black Skull Long Sleeve S B (1),2025-09-10 17:02:45,1,44.99
03I09L,bebe flowy sheer long sleeve (1),2025-09-10 17:13:01,1,26.0
02710I,Airwalk Top A (1),2025-09-10 17:22:16,1,14.0
02900N,BART Ticket Pin (1),2025-09-10 17:45:10,2,12.0
02W00M,AE White flower hanger (1),2025-09-10 17:45:10,1,25.0
02W014,AE K Keychain (1),2025-09-10 17:45:10,1,25.0
03I09R,2000s tank top with intricate neckline (1),2025-09-10 17:45:10,1,26.0
02R01K,Caltrain 12 x 18 (1),2025-09-10 17:50:02,2,25.0
03O0AK,Crazy BOHO Flare Jeans (1),2025-09-10 18:06:04,1,35.0
02R007,Matcha Sticker (2),2025-09-11 13:21:28,2,6.0
03W016,Just a girl sticker (1),2025-09-11 13:21:28,1,4.0
03W01A,Smiski Heart Hands sticker (1),2025-09-11 13:21:28,1,4.0
03E0C1,Late 2000's/early 2010's top (1),2025-09-11 14:46:15,1,32.0
00F1NO,1793 - Snowflake - XS (1),2025-09-11 15:02:02,1,32.0
02Q02D,Cinnamoroll Baby Sticker (1),2025-09-11 15:05:11,2,5.0
02Q02I,Hello Kitty Baby Sticker (1),2025-09-11 15:05:11,1,5.0
03K01T,2 for 30 Yuzu Hinoki and Yellow Dragonfruit (1),2025-09-11 15:26:28,1,30.0
0001W1,BCBG Black Jacket (1),2025-09-11 15:41:32,1,14.0
000256,Ecko Unltd Blue and Red Striped Polo (1),2025-09-11 15:41:32,1,10.0
02I01N,Shrek Brat Vinyl Sticker (1),2025-09-11 15:51:04,1,4.0
03W00Q,Ladybug Sticker (1),2025-09-11 15:51:04,2,4.0
03O09Y,Affliction Women's Shirt Eagle $ALE (1),2025-09-11 16:09:16,1,14.0
03O05T,Brown Lace Corset Top (1),2025-09-11 16:25:15,1,18.0
02715H,O.L.M Top $14 SALE A (1),2025-09-11 16:30:39,1,14.0
0002EB,Lauren Active Ralph Lauren Black Track Jacket M TO (1),2025-09-11 16:31:17,1,14.0
00F0X5,multi blue denim pleated mini skirt (1),2025-09-11 16:36:45,1,35.0
0003O3,y2k Fubu Charcoal Denim Jorts sz 34 B (1),2025-09-11 17:13:28,1,36.99
03Y0LP,y2k rock zip up (1),2025-09-11 17:30:00,1,15.0
03Y0KL,2000s Victoriaâ€™s secret cheetah top (1),2025-09-12 12:33:10,1,15.0
0003JK,y2k Fox Red Tee 2XL B (1),2025-09-12 12:56:55,1,24.99
0003O0,y2k Akademiks Baggy Jorts sz 34 B (1),2025-09-12 12:56:55,1,36.99
03I078,sheer button up with ruffle sleeves (1),2025-09-12 14:08:24,1,30.0
03Y0IT,miss me jeansâ€¦.. (1),2025-09-12 14:11:21,1,15.0
027121,VTG Sag Harbor Sweater $14 Sale (1),2025-09-12 14:56:32,1,14.0
0002AJ,y2k National Heritage Red USA Born & Raised Eagle Tee XL (1),2025-09-12 15:10:39,1,10.0
0002JG,Four Seasons Design Black Skeleton Full Zip Hoodie XL AF (1),2025-09-12 15:20:18,1,14.0
02T16V,Vintage cutie ğ–‘ğ–”ğ–”ğ–™ ğ–”ğ–“ ğ–™ğ–ğ–Š ğ–‘ğ–”ğ–œ (1),2025-09-12 15:46:04,1,25.0
03Y0JO,2000s heart zip up â€œdonâ€™t unzip fullyâ€ (1),2025-09-12 15:57:08,1,15.0
03Y0KT,2000s flair true religion fem jeans (1),2025-09-12 15:57:08,1,15.0
02T15D,Vintage juicy double breasted button gray ğ–ğ–šğ–ğ–ˆğ– ğ–‰ğ–—ğ–”ğ–• (1),2025-09-12 16:01:41,1,60.0
03Y0JI,fem brown corduroy work jacket (1),2025-09-12 16:01:41,1,15.0
03Y0JI,fem brown corduroy work jacket - Return (1),2025-09-12 16:04:47,1,15.0
03P07U,Famous lightning s0549 (1),2025-09-12 16:58:05,1,39.99
03P09B,Warcraft s0355 (1),2025-09-12 16:58:05,1,29.99
01X06O,Angelico Chain Bracelet (1),2025-09-12 16:59:27,2,14.0
03Y0LD,y2k cross tank (1),2025-09-12 16:59:27,1,15.0
0003NJ,Worthington Black Floral Velvet Long Sleeve L A (1),2025-09-12 17:06:42,1,29.99
02F07X,y2k lucky brand denim midi - made in usa (1),2025-09-12 17:06:42,1,36.0
03W00L,Bmo Frog sticker (1),2025-09-12 17:12:34,3,4.0
03W018,Poo Brain Sticker Sheet (1),2025-09-12 17:12:34,2,9.99
0002ZX,Lay's Fried Crab Chips (1),2025-09-12 17:13:21,3,4.99
03Y0LI,New abercrombie capri pants (1),2025-09-12 17:16:47,1,15.0
03Y0LM,brandy fem top (1),2025-09-12 17:16:47,1,15.0
02T17V,vintage no boundaries mini skirt â‹† Ëšï½¡â‹†à­¨ğšğš›ğšğš—ğšğš¢ ğšğšğš›ğš•ğš¢à­§â‹† Ëšï½¡â‹† (1),2025-09-12 17:19:37,1,35.0
03Y0KW,2000s Aero sweats (1),2025-09-12 17:28:09,1,15.0
02O08I,Y2K flare denim Ed 12 (1),2025-09-12 17:32:14,1,54.99
0003N2,Freeze Dried Button Candy (1),2025-09-12 17:43:15,1,6.99
0002EC,90s Pittsburgh Penguins NHL Hoodie XL WN (1),2025-09-12 17:49:11,1,14.0
0003LZ,Ed Hardy Panther Embroidered Denim Jeans 38x32 B (1),2025-09-12 18:02:54,1,89.99
00039W,Hi-Chew Plus Fruit Mix Candy (1),2025-09-12 18:15:11,2,5.99
01Y052,London Topaz Earrings (1),2025-09-12 18:28:25,1,34.0
0380EK,2025 Sep  Celestials (1),2025-09-12 18:31:18,3,16.0
02900D,Mac Dre Locket (1),2025-09-13 13:12:20,1,2.5
03I0AT,slouchy ribbed sweater (1),2025-09-13 13:14:06,1,28.0
0003N6,O'Sport Jeans AOP Jeans sz 38 B (1),2025-09-13 13:18:35,1,27.99
0270ZF,VTG Busch Nascar Jacket Bw (1),2025-09-13 13:18:35,1,39.99
04A00J,Y2K Grey Shorts (1),2025-09-13 13:30:02,1,25.0
00902H,6 Pc Star Clips (1),2025-09-13 13:45:39,1,5.0
00F1NJ,black mesh top (1),2025-09-13 13:45:39,1,34.0
03Y0L5,brandy eye tank (1),2025-09-13 13:45:39,1,15.0
03Y0M3,Lululemon scuba hoodie (1),2025-09-13 13:49:47,1,15.0
03Y0KP,Essentials baseball jersey (1),2025-09-13 13:50:59,1,15.0
02T10Y,vintage foldover bow bag â€¢*ğ“«ğ“ªğ“° ğ“µğ“ªğ“­ğ”‚ ËË‹Â°â€¢*â€â· (1),2025-09-13 13:53:17,1,38.0
03Y0M1,2000s hello kitty baby t shirt (1),2025-09-13 13:53:17,1,15.0
0380B8,2025 July Lobsters (1),2025-09-13 13:57:03,1,16.0
00F1M8,zip front black leather jacket (1),2025-09-13 14:00:19,1,55.0
00037S,Tommy Jeans Denim Jorts sz 31 B (1),2025-09-13 14:04:17,1,29.99
03Y0LJ,2000s abercrombie top (1),2025-09-13 14:06:13,1,15.0
03Y0LB,white patagonia sweater (1),2025-09-13 14:10:16,1,15.0
00F1L6,madden girl pink mesh top (1),2025-09-13 14:45:18,1,29.0
03Y0M2,urban outfitters polkadot top (1),2025-09-13 15:09:15,1,15.0
00F1F1,1120- light apricot -L (1),2025-09-13 15:18:13,1,29.0
00F1HZ,2025 - Black - L (1),2025-09-13 15:18:13,1,38.0
00F1MC,2005 - Dark gray - L (1),2025-09-13 15:18:13,1,39.0
0002MQ,Ashley by Twenty Six International Olive Utility Jacket M TO (1),2025-09-13 15:20:37,1,14.0
03Y0L6,Fem Levis flair jeans (1),2025-09-13 15:20:37,1,15.0
02T156,vintage denim ğ–‘ğ–”ğ–”ğ–™ ğ–”ğ–“ ğ–™ğ–ğ–Š ğ–‘ğ–”ğ–œ (1),2025-09-13 15:27:46,1,30.0
03Y0KZ,y2k skull lingerie dress (1),2025-09-13 15:27:46,1,15.0
0002E2,Animaniacs Hot Pink Baby Tee M TO (1),2025-09-13 15:29:05,1,14.0
0002G1,JLO Pink and Black Lace Corset Top XL AF (1),2025-09-13 15:29:05,1,14.0
0003CI,Le Chateau Crochet Black Festival Top L V (1),2025-09-13 15:31:16,1,34.99
0003LX,Raider Infamous Baggy Jeans 36x32 B (1),2025-09-13 15:56:04,1,39.99
00U01S,Chinese Opera Mask Black shorts XL (1),2025-09-13 15:56:04,1,34.0
03Y0KJ,1998 Hawaiian shirt (1),2025-09-13 15:58:05,1,15.0
04E014,Black RL Polo Sweater (1),2025-09-13 15:58:05,1,30.0
02F01W,90s floral henley (1),2025-09-13 15:58:55,1,26.0
03L00K,Shiki Plant (1),2025-09-13 16:00:58,2,3.0
03L00N,Shiki Stamp (1),2025-09-13 16:00:58,2,3.0
0002HH,Mickey Mouse Denim Jacket w/ Back Hit M SS (1),2025-09-13 16:05:22,1,30.0
04A002,Leviâ€™s Denim Vest (1),2025-09-13 16:06:40,1,35.0
04A00K,Iridescent Top (1),2025-09-13 16:20:46,1,20.0
00027Q,Eye Shadow Plaid Cardigan Sweater SS (1),2025-09-13 16:23:49,1,14.0
0003N0,y2k Sledge USA Pink Waffle Knit Full Zip Hoodie M A (1),2025-09-13 16:26:24,1,32.99
03Y0KN,2000s abercrombie surf shirt (1),2025-09-13 16:49:48,1,15.0
03Y0KO,2000s abercrombie bike promo shirt (1),2025-09-13 16:49:48,1,15.0
00F14N,leopard lingerie dress (1),2025-09-13 16:54:20,1,23.0
00F1J0,leopard shirt (1),2025-09-13 16:54:20,1,20.0
00F14Q,NEWPORT NEWS blouse (1),2025-09-13 16:56:34,1,40.0
0003MO,Bebe Black Rib Pants Made in USA NEW w/ Tags S A (1),2025-09-13 16:59:53,1,32.99
02T172,Vintage juicy velour butterfly foil purple brown ğ–ğ–šğ–ğ–ˆğ– ğ–‰ğ–—ğ–”ğ–• (1),2025-09-13 16:59:53,1,72.0
0002GP,y2k S-12 Bedazzled Long Sleeve Dress AF (1),2025-09-13 17:01:31,1,16.0
0002JT,OP Sport Gray Long Sleeve XL AF (1),2025-09-13 17:01:31,1,14.0
027141,Y2K Hurley Waffle Knit $20 SALE A (1),2025-09-13 17:01:31,1,20.0
00F1IV,gold butterfly sequence y2k top (1),2025-09-13 17:04:42,2,39.0
03Y0KR,snatched striped knitted sweater (1),2025-09-13 17:04:42,1,15.0
027163,Vtg Valentino Wool Harrington Jacket A (1),2025-09-13 17:10:01,1,99.99
03I08W,lovestrucksf san francisco necklace (1),2025-09-13 17:13:09,2,26.0
0003MJ,Avon Fashions Teal Lace Slip A (1),2025-09-13 17:15:20,1,34.99
03Y0LS,ralph lauren zip up (1),2025-09-13 17:16:39,1,15.0
03Y0G1,2000s race tank (1),2025-09-13 17:26:34,1,15.0
03E0DC,Peace Graphic zip up (1),2025-09-13 17:42:19,1,45.0
04F012,Rings (1),2025-09-13 17:42:19,2,42.0
00F162,silver wide belt (1),2025-09-13 17:43:38,1,19.0
0003FW,Express Denim Studio Editor Pants A (1),2025-09-13 17:44:50,1,29.99
000318,Tornado Activewear Platinum History 2XL B (1),2025-09-13 17:46:45,1,29.99
0003GB,Emerald Green Lace Slip A (1),2025-09-13 17:46:45,1,32.99
0000PK,Resin Bookmark (1),2025-09-13 17:48:23,1,5.0
00U00H,Tintin x Chinatown White Mesh shorts  L (1),2025-09-13 17:48:23,1,34.0
027156,Y2K XCVI Jacket $18 SALE A (1),2025-09-13 18:05:28,1,18.0
03P090,Harley zip up XL (1),2025-09-13 18:10:57,1,34.99
0001YP,The North Face Black Fleece Jacket (1),2025-09-13 18:17:14,1,14.0
0003OO,O'neil Brown Striped Track Jacket L CK (1),2025-09-13 18:28:43,1,32.99
03Y0LC,y2k rock republic top (1),2025-09-13 18:38:44,1,15.0
03Y0GA,90s Angel Fem flair jeans (1),2025-09-13 18:44:17,1,15.0
0003OC,Harley Davidson Glendale Black Hoodie M CK (1),2025-09-13 19:19:03,1,34.99
014187,y2k teal vs slip (1),2025-09-13 19:19:03,1,25.0
03Y0JF,bebe puffer vestâ€¦.. (1),2025-09-13 19:19:03,1,15.0
04E006,Pink & White Ecko Red Hoodie (1),2025-09-13 19:19:03,1,55.0
03Y0L3,lululemon flair leggings (1),2025-09-13 19:20:25,1,15.0
02T14F,American eagle mini shorties black ğ–ˆğ–šğ–™ğ–Š ğ–†ğ–˜ ğ–† ğ–‡ğ–šğ–™ğ–™ğ–”ğ–“ (1),2025-09-13 19:21:36,1,45.0
0380BU,2025 July Red Crane (1),2025-09-14 13:01:36,1,16.0
00F0VC,dickies x golden brands jacket (1),2025-09-14 13:46:16,1,60.0
0003DK,August Silk Olive and Yellow Lace Tank Top L 444 (1),2025-09-14 13:49:46,1,32.99
03W009,Kirb B*tch Keychain (1),2025-09-14 13:49:46,1,12.0
041007,Keychain by @wanderellaco (1),2025-09-14 13:49:46,4,12.99
04F007,Tear of gold drops (1),2025-09-14 13:49:46,1,48.0
04F008,Gilded Globes (1),2025-09-14 13:49:46,1,42.0
03W00T,Stomp on 'em sticker (1),2025-09-14 13:52:50,2,4.0
02T16H,Camo nike ğ–‘ğ–”ğ–”ğ–™ ğ–”ğ–“ ğ–™ğ–ğ–Š ğ–‘ğ–”ğ–œ (1),2025-09-14 14:03:10,1,15.0
03Y0MA,2000s brown skirt (1),2025-09-14 14:03:10,1,15.0
0003FD,Secrets Black and Creme Lace Slip XL A (1),2025-09-14 14:04:58,1,32.99
000361,G-III Brown Suede Leather Jacket S B (1),2025-09-14 14:06:28,1,109.99
03Y0MI,ben davis crewneck (1),2025-09-14 14:08:18,1,15.0
03Y0KC,vintage navy blue jacket Size L (1),2025-09-14 14:10:54,1,20.0
0380D6,2025 Aug Hot Air Balloon Earrings (1),2025-09-14 14:11:44,1,16.0
00F0XZ,*miss me jeans (1),2025-09-14 14:48:34,1,78.0
02712U,Y2K Title Nine Hoodie $18 SALE A (1),2025-09-14 14:50:19,1,18.0
02T17I,Fold over pattern cutie ğ–‘ğ–”ğ–”ğ–™ ğ–”ğ–“ ğ–™ğ–ğ–Š ğ–‘ğ–”ğ–œ (1),2025-09-14 14:50:19,1,22.0
02715X,Hollister Flare Pants $14 SALE A (1),2025-09-14 14:51:01,1,14.0
02900O,BART Ticket Keychain (1),2025-09-14 15:02:21,2,12.0
02R015,BART Sticker (1),2025-09-14 15:02:21,3,3.0
00F1O4,ed jacket (1),2025-09-14 15:04:25,1,45.0
03B053,Pierre Cardin windbreaker (1),2025-09-14 15:06:52,1,40.0
03I09I,vintage knit flower sweater (1),2025-09-14 15:10:00,1,30.0
03Y0LN,little miss reckless top (1),2025-09-14 15:10:00,1,15.0
04900H,Match my freak (1),2025-09-14 15:15:11,2,5.0
03O0AH,VTG Tweety Baby Tee (1),2025-09-14 15:21:49,1,30.0
03W00E,Keroppi Sticker (1),2025-09-14 15:22:17,2,4.0
00F1CT,shoulder off mesh top - gray (1),2025-09-14 15:30:03,1,36.0
00F1G3,beaded sheer mesh tie halter tank top - brown (1),2025-09-14 15:33:27,2,50.0
01X067,Angelico Phone Charms (1),2025-09-14 15:36:31,1,10.0
03W009,Kirb B*tch Keychain (2),2025-09-14 15:37:49,2,24.0
00F1BH,gray cupcake skort (1),2025-09-14 15:40:45,1,39.0
02T17N,vintage leather hobo slouchy bag â€¢*ğ“«ğ“ªğ“° ğ“µğ“ªğ“­ğ”‚ ËË‹Â°â€¢*â€â· (1),2025-09-14 15:52:04,1,65.0
03K002,Lotus Blossom - 8oz (1),2025-09-14 15:52:30,1,25.0
0002B7,y2k Willi Smith Brown Sweater GW (1),2025-09-14 15:58:42,1,14.0
03Y0M0,2000s snatched plaid vest (1),2025-09-14 15:58:42,1,15.0
0003AT,Harley Davidson Maroon Tee L B (1),2025-09-14 16:02:57,1,24.99
02T12X,jean shorts â‹† Ëšï½¡â‹†à­¨ğšğš›ğšğš—ğšğš¢ ğšğšğš›ğš•ğš¢à­§â‹† Ëšï½¡â‹† (1),2025-09-14 16:16:50,1,30.0
00601F,$20 item (1),2025-09-14 16:37:19,1,20.0
02900L,Mac Dre Keychain (1),2025-09-14 17:04:42,1,12.0
03B0AW,Vintage Bobbio leather Jacket (1),2025-09-14 17:20:25,1,75.5
02B007,Just a Simple Cog Waterproof Vinyl Sticker (1),2025-09-14 17:33:47,1,3.99
03L003,Bunny Cinnamoroll (1),2025-09-14 17:33:47,3,3.0
0380B0,2025 June Rainbow Orange Earrings (1),2025-09-14 17:44:41,1,14.0
03W00Z,Marcy and PB bunny shirt Sticker (1),2025-09-14 17:44:41,3,4.0
027169,Vtg Planet Hollywood Trucker Jacket A (1),2025-09-14 17:56:34,1,29.99
0001VV,Oreo Biscuit Matcha Ice Cream (1),2025-09-14 18:08:55,3,5.5
0002JD,Vtg Dragonfly Red Dragon Button Up Tee L AF (1),2025-09-14 18:08:55,1,34.99
0003AD,C-Two Blue Button Up Tee L B (1),2025-09-14 18:08:55,1,24.99
0003I0,Lay's Potato Chips Sweet & Sour Crispy Pork Flavor (1),2025-09-14 18:47:41,1,4.99
049008,Tiger autumn (1),2025-09-14 18:47:41,1,5.0
04900D,Teacup (1),2025-09-14 18:47:41,1,5.0
00F0LM,white crochet cardi (1),2025-09-15 12:51:46,2,39.0
02T180,vintage American eagle denim mini shortie â‹† Ëšï½¡â‹†à­¨ğšğš›ğšğš—ğšğš¢ ğšğšğš›ğš•ğš¢à­§â‹† Ëšï½¡â‹† (1),2025-09-15 12:51:46,1,45.0
00037B,Harley Davidson Whiskey Row Prescott AZ Black Tee M Sac (1),2025-09-15 12:55:27,1,12.0
02715J,Ariat Flare Jeans $20 SALE A (1),2025-09-15 13:53:38,1,20.0
03W01C,Smiski Heart Hands Sticker (1),2025-09-15 14:00:01,2,4.0
03L005,Bunny Hello Kitty (1),2025-09-15 14:27:53,1,3.0
03Y0IA,floral dress. (1),2025-09-15 14:49:03,1,15.0
00F1E0,suede shorts (1),2025-09-15 15:20:49,1,20.0
03I0AE,lovestrucksf cross pearl collar (1),2025-09-15 16:44:09,1,38.0
02Q01Y,Chubby Jollibee Mini Charm (1),2025-09-15 16:44:41,2,10.0
03Y0JW,y2k skull shirt (1),2025-09-15 17:08:59,1,15.0
01416R,fairy slip dress (1),2025-09-15 17:43:09,1,35.0
0002HN,Dolls Kill x The Craft Black Pleated Skirt M SS (1),2025-09-15 17:45:40,1,10.0
03Y0LU,y2k jacket (1),2025-09-15 17:45:40,1,15.0
027130,Babaton Aritzia Ribbed Tank Top $14 SALE A (1),2025-09-16 12:20:16,1,14.0
02715T,Finest Tailor Shirt $14 SALE A (1),2025-09-16 12:20:16,1,14.0
02Q02J,Balloon Smiski Sticker (1),2025-09-16 12:42:55,1,5.0
03I08V,lovestrucksf shell necklace (1),2025-09-16 12:45:20,1,30.0
03Y0GK,fox flair jeans (1),2025-09-16 12:46:21,1,15.0
02715O,Dark Floral Mesh Top $14 SALE A (1),2025-09-16 13:11:48,1,14.0
02T16J,Cargo short ğ–‘ğ–”ğ–”ğ–™ ğ–”ğ–“ ğ–™ğ–ğ–Š ğ–‘ğ–”ğ–œ (1),2025-09-16 13:11:48,1,15.0
04E015,Pink Camo Pants (1),2025-09-16 13:11:48,2,50.0
02I014,Smiski Dango Sticker (1),2025-09-16 14:38:55,1,4.0
04E02B,Brown Coach Purse (1),2025-09-16 14:46:26,1,67.67
02O08H,Y2K flare denim Ed 11 (1),2025-09-16 15:01:17,1,44.99
03Y0JL,Adidas wind breaker (1),2025-09-16 15:24:06,1,15.0
0003LL,Classiques Entier Petites Black Floral Button Up S A (1),2025-09-16 15:45:15,1,27.99
0003PT,Black Lace Slip w/ Bow Details A (1),2025-09-16 16:37:53,1,27.99
00F1N9,Chinese button front cardi - Green (1),2025-09-16 16:50:39,1,30.0
0003OK,Lucky Brand Brown Waffle Knit Long Sleeve L CK (1),2025-09-16 17:07:42,1,29.99
03I099,fur collar vest (1),2025-09-16 17:28:16,1,30.0
00F1M1,kendall kylie black long sleeve shirt (1),2025-09-16 17:30:48,1,20.0
027138,Nike Crop Shirt $14 SALE A (1),2025-09-16 17:35:59,1,14.0
027162,VTG Reebok Jacket $14 SALE A (1),2025-09-16 17:35:59,1,14.0
01Y021,Orange Quarters (1),2025-09-16 17:47:14,1,32.0
00F1F4,1120-vintage green-L (1),2025-09-17 12:40:04,1,30.0
00F1FG,1718- bluish gray -L (1),2025-09-17 12:40:04,1,30.0
02Q022,â€œIâ€™m Babyâ€ Smiski Flight Tag (1),2025-09-17 14:04:17,1,8.0
03W005,Ride or Die Card (1),2025-09-17 14:04:17,1,6.0
04900S,Ramen claw (1),2025-09-17 14:35:28,1,22.0
0003CZ,y2k No Romeo Sweet Cuddly Pink Bedazzled Tank Top M V (1),2025-09-17 14:42:26,1,27.99
0003N5,Tommy Hilfiger Jeans Denim Jeans w/ Straps 36x32 B (1),2025-09-17 15:22:43,1,36.99
00F1OJ,alaska jacket (1),2025-09-17 15:22:43,1,50.0
01416M,SALE cargo scrub pants (1),2025-09-17 15:28:32,1,13.0
027129,Anthropologie Garden Tee $14 SALE A (1),2025-09-17 15:28:32,1,14.0
03O07R,VTG Flags $ale (1),2025-09-17 15:28:32,1,15.0
0003P3,Le Quang Red Floral Lingerie Top A (1),2025-09-17 15:40:10,1,28.99
02A06D,Angel charm (2),2025-09-17 15:44:41,2,27.0
02O06E,Carhartt Daily Tote Ed 2 (1),2025-09-17 15:44:41,1,69.99
03O07C,Vintage sheriff $ale (1),2025-09-17 15:44:41,1,14.0
03O09D,VTG Hollister Shirt $ale (1),2025-09-17 15:44:41,1,14.0
03Y0L9,2000s y2k dragon tank (1),2025-09-17 15:44:41,1,15.0
027157,Ralph Lauren Plaid Romper $14 SALE A (1),2025-09-17 15:49:02,1,14.0
03Y0KS,2000s Hydraulic capri jeans (1),2025-09-17 15:49:02,1,15.0
0002EI,Sin Text Black Tee L WN (1),2025-09-17 15:59:27,1,12.0
0003JF,y2k Southpole Brown and White Plaid Button Up XL B (1),2025-09-17 16:11:39,1,36.99
0003KB,y2k Southpole Blue and Maroon Sweater XL B (1),2025-09-17 16:11:39,1,34.99
0002FX,Harley Davidson Heart Flame Wings Black Tee 2XL AF (1),2025-09-17 16:12:45,1,14.0
02O087,Corset Ed 2 (3),2025-09-17 16:31:46,3,104.97
00038E,Marithe Francois Girbaud Denim Jeans sz 38 (1),2025-09-17 16:47:35,1,104.99
03Y0LQ,new W/tags urban outfitters top (1),2025-09-17 16:47:35,1,15.0
0003MZ,Spirit Black Corset w/ Chains Gothic Steampunk A (1),2025-09-17 18:16:12,1,29.99
04E01B,Green Bebe Fur Cover (1),2025-09-17 18:16:12,1,35.0
00F110,black crochet cardi (1),2025-09-17 18:17:27,1,38.0
02T17B,Vintage fred David beaded button up bb ğ–ˆğ–šğ–™ğ–Š ğ–†ğ–˜ ğ–† ğ–‡ğ–šğ–™ğ–™ğ–”ğ–“ (1),2025-09-17 18:17:27,1,34.0
0002FL,y2k Betty Boop Heartbreaker Gray Baby Tee M AF (1),2025-09-18 12:19:59,1,14.0
03L001,Bunny Kuromi (1),2025-09-18 12:54:58,1,3.0
03O087,France Jersey (1),2025-09-18 12:57:24,1,45.0
03Y0LV,2000s white puffer (1),2025-09-18 12:57:24,1,15.0
0380EL,2025 Sep  Goose (1),2025-09-18 13:40:16,2,16.0
00F1OH,2025 - Black - M (1),2025-09-18 13:59:07,1,38.0
03W00A,Miffy Angel Keychain (1),2025-09-18 14:34:59,2,12.0
03E0CQ,Orange Cozy babydoll blouse (1),2025-09-18 14:35:43,1,25.0
00902P,2 Pc Button Pack (1),2025-09-18 14:41:00,1,10.0
04900L,Howl Sophie magnetic (1),2025-09-18 14:41:00,1,25.0
02B01A,The Horrors Persist Large Print (1),2025-09-18 14:43:36,1,24.99
03Y0MC,2000s jean fem jacket short sleeve (1),2025-09-18 14:48:44,1,15.0
03Y0HW,2000s gap sweater (1),2025-09-18 15:12:45,1,15.0
02O08G,Y2K flare denim Ed 10 (1),2025-09-18 15:25:50,1,39.99
0003EF,Pink Floral Lace Slip Set 444 (1),2025-09-18 15:28:33,1,36.99
00F1MX,nude lace set (1),2025-09-18 15:28:33,1,19.0
0380E8,2025 Sep  Pink heart (1),2025-09-18 15:28:33,1,16.0
02R01O,SF Sticker (1),2025-09-18 15:32:20,2,3.0
03F00M,Clay Meadow Stickers (3),2025-09-18 15:45:14,3,12.0
03W00P,Kirb B*tch Sticker (1),2025-09-18 15:45:14,2,4.0
04E00H,Yellow & Green Baby Tee (1),2025-09-18 15:48:33,1,30.0
02W011,AE Strawberry Hanger (1),2025-09-18 16:35:47,1,30.0
03Y0KU,2000s fur zip up top (1),2025-09-18 17:08:33,1,15.0
0003NB,Unik Brown Leather Jacket M B (1),2025-09-18 17:21:40,1,74.99
01Y05F,Dragonfruit Orange Half (1),2025-09-18 17:48:44,1,35.0
03Y0LL,2000s victoriaâ€™s secret beach cover (1),2025-09-18 17:58:19,1,15.0
00F0SF,*miss me jeans 01 (1),2025-09-18 18:08:05,1,78.0
00F1OW,Gray Lingerie (1),2025-09-18 18:09:15,1,29.0
03L007,Bunny Pochacco (1),2025-09-18 18:09:15,1,3.0
00F0TZ,black pleated mini skirt (1),2025-09-18 18:16:13,1,38.0
03O0AC,Green Fairy Skirt with Lace (1),2025-09-18 18:16:13,1,30.0
01Y00F,Kiwi Earring (1),2025-09-18 18:39:18,1,25.0
04E00W,Embroidered Denim  Skirt (1),2025-09-19 12:45:49,1,67.0
03Y0MD,Hooters fem football top (1),2025-09-19 12:52:21,1,15.0
04E007,Denim Guess Jacket (1),2025-09-19 12:59:49,1,49.99
00F1M6,marc new york beige leather jacket (1),2025-09-19 13:00:47,1,60.0
02900X,Bruh (1),2025-09-19 13:11:40,3,2.5
03P09O,Sons of anarchy s0457 (1),2025-09-19 13:17:43,1,24.99
03Y0HM,2000s fem jacket (1),2025-09-19 13:26:43,1,15.0
03Y0K9,vintage cream zip up jacket (1),2025-09-19 13:58:37,1,20.0
03Y0L4,flair fem jeans (1),2025-09-19 14:13:15,1,15.0
01X06R,Angelico Earrings (1),2025-09-19 14:19:28,1,12.0
044001,lucky animal charm - tiger (1),2025-09-19 14:20:10,1,8.0
03O09L,MMA Elite Affliction Shirt $ALE (1),2025-09-19 14:32:29,1,14.0
0003FH,Max Studio Brown Patterned Long Sleeve Blouse A (1),2025-09-19 14:40:12,1,29.99
03B0B5,Y2K Super Bike tshirt (1),2025-09-19 14:58:54,1,22.5
03O0AP,VTG Mexico Jersey (1),2025-09-19 15:10:06,1,65.0
0003Q7,Elle Gray Faux Fur Vest L A (1),2025-09-19 15:14:57,1,24.99
03O086,Quakes Jersey 2XL (1),2025-09-19 15:36:04,1,45.0
00F1OC,1720 - Brown - XS (1),2025-09-19 15:39:02,1,29.0
00F1OI,1720 - Gray - XS (1),2025-09-19 15:39:02,1,29.0
00F1OU,2005 - Dark gray - S (1),2025-09-19 15:39:02,1,39.0
03Y0GN,Tapout fem top (1),2025-09-19 15:40:50,1,15.0
03Y0GU,y2k fox racing top (1),2025-09-19 15:40:50,1,15.0
03Y0M8,80s leather jacket Size S (1),2025-09-19 15:43:49,1,55.0
02R00D,MUNI Postcard (1),2025-09-19 16:47:59,3,6.0
02R014,BART Postcard (1),2025-09-19 16:47:59,1,6.0
02R01W,Neighborhood Print (1),2025-09-19 16:47:59,1,17.0
0003OJ,Harley Davidson Patched Gray Tee M CK (1),2025-09-19 17:04:21,1,29.99
03Y0KA,brown leather jacket Size M (1),2025-09-19 17:25:56,1,45.0
03Y0KD,90s polo golf knitted sweater Size L (1),2025-09-19 17:25:56,1,20.0
03Y0K7,2000s apple bottom fur hoodie Size M (1),2025-09-19 17:36:49,1,30.0
03Y0M6,1980s leather jacket 2 tone colored Size 52 (1),2025-09-19 17:47:25,1,55.0
04A00P,VTG Nonpoint Band Tee (1),2025-09-19 17:55:48,1,35.0
03Y0LY,polo shorts (1),2025-09-19 18:00:50,1,15.0
03P0AH,Fubu big back spellout 34x30 (1),2025-09-19 18:01:41,1,59.99
0003P7,Talbots Blue and White Striped Button Up 8P A (1),2025-09-19 19:04:46,1,29.99
00F125,brown plaid ruffle skirt (1),2025-09-19 19:04:46,1,39.0
00F1P5,OCHNIK suede jacket (1),2025-09-19 19:04:46,1,109.0
00F1K5,1720 - Gray - M (1),2025-09-20 12:24:17,1,29.0
0380C0,2025 July Beaded Strawberry (1),2025-09-20 12:25:50,1,16.0
02Q00D,We Bare Bear -  Golden Gate Print (1),2025-09-20 12:31:56,2,5.0
04E01L,Pink and brown halter (1),2025-09-20 12:45:51,1,35.0
03F001,Clay Meadow Cups (2),2025-09-20 13:20:53,2,50.0
00037P,y2k Southpole Black and Gold Tee XL B (1),2025-09-20 13:25:38,1,29.99
00F0W9,chain belt 13 (1),2025-09-20 13:26:58,2,19.0
0003DD,Believe Black Sheer Blouse sz 6 A (1),2025-09-20 13:44:35,1,29.99
0003Q4,White Texture Sheer Blouse A (1),2025-09-20 13:44:35,1,26.99
03803T,Arrow in heart earrings (1),2025-09-20 14:15:17,1,12.0
038090,Mar 2025 Undies Earrings (1),2025-09-20 14:15:17,1,15.0
027161,The Limited Dress $14 SALE A (1),2025-09-20 14:20:40,1,14.0
0140Y6,gray y2k v neck (1),2025-09-20 14:31:50,1,23.0
03B0B6,Y2K Black thermal (1),2025-09-20 14:54:55,1,25.75
0003PG,In Bloom White Lace Slip S A (1),2025-09-20 15:01:26,1,29.99
00F1O9,black coach bag (1),2025-09-20 15:01:26,1,75.0
00010I,Judith patterned dress (1),2025-09-20 15:08:56,1,10.0
00023B,Evex by Krizia Brown Coat (1),2025-09-20 15:08:56,1,14.0
03L00E,Boba Kuromi (1),2025-09-20 15:08:56,1,3.0
03L00M,Shiki Boba (1),2025-09-20 15:08:56,1,3.0
02T18L,vintage liz claiborne shoulder bag  â€¢*ğ“«ğ“ªğ“° ğ“µğ“ªğ“­ğ”‚ ËË‹Â°â€¢*â€â· (1),2025-09-20 15:28:49,1,34.0
0003MG,Linea Donatella Pink and Black Lace Slip M A (1),2025-09-20 15:34:20,1,34.99
02900M,Mac Dre Pin (1),2025-09-20 15:44:48,1,12.0
00F1NR,24171 - Dark Gray - M (1),2025-09-20 15:56:46,1,60.0
0003D0,y2k Volcom Black Full Zip Hoodie XL V (1),2025-09-20 16:02:37,1,36.99
03P09T,Volcom thermal s0567 (1),2025-09-20 16:02:37,1,39.99
03D006,AJ6- New Earrings - $20 (1),2025-09-20 16:04:44,4,20.0
02W012,AE M Pot Plant (1),2025-09-20 16:05:50,1,35.0
03Y0L2,patagonia zip up grey (1),2025-09-20 16:07:54,1,15.0
02Q01P,Buff Jollibee Chickenjoy Sticker (2),2025-09-20 16:08:42,2,10.0
03Y0JZ,vintage red windbreaker Sizs L (1),2025-09-20 16:10:23,1,20.0
03Y0JM,2000s american blue long sleeve (1),2025-09-20 16:20:38,1,15.0
04A00O,Green Cami Top (1),2025-09-20 16:22:09,1,35.0
0380E6,2025 Sep Fan (1),2025-09-20 16:28:49,1,16.0
0003PB,Talbot Lavender and White Striped Button Up sz 2 A (1),2025-09-20 16:39:49,1,29.99
02714Q,Athleta Hoodie $18 SALE A (1),2025-09-20 17:08:21,1,18.0
03Y0KB,light brown leather jacket Size 12/38 (1),2025-09-20 17:08:21,1,30.0
00F1NV,n822 - Pink - M (1),2025-09-20 17:13:40,1,60.0
03P09W,Archaic hoodie L (1),2025-09-20 17:51:48,1,49.99
03E0CI,Pink Lingerie dress with flower details (1),2025-09-20 17:52:56,1,20.0
04E00E,Denim Y2K Dress (1),2025-09-20 17:56:28,1,62.0
03O07B,BBC $ale (1),2025-09-20 18:05:28,1,14.0
03O07D,Vintage nautica $ale (1),2025-09-20 18:05:28,1,14.0
03O09V,Pink Heart Victoria Secret Pants $ALE (1),2025-09-20 18:06:25,1,15.0
03Y0IJ,black lululemon zip up â€¦. (1),2025-09-20 18:09:37,1,15.0
0003M1,DKNY Baggy Jorts Made in USA B (1),2025-09-20 18:17:53,1,32.99
00F1BU,black beads tie back (1),2025-09-20 18:32:25,1,50.0
02711I,Gaze Ribbed Baby Tank Top $14 Sale (1),2025-09-20 18:41:40,1,14.0
02712S,Vanity Fair Lace Tank Top $14 SALE A (1),2025-09-20 18:41:40,1,14.0
02T0S5,spring queen blue dress ğ–‘ğ–”ğ–”ğ–™ ğ–”ğ–“ ğ–™ğ–ğ–Š ğ–‘ğ–”ğ–œ (1),2025-09-20 18:41:40,1,16.0
03Z001,Vtg orange hot shorts (1),2025-09-20 18:41:40,1,20.0
02I00D,Hello Kitty Sonny Angel Button (1),2025-09-21 12:50:15,1,5.0
0003EH,Lay's Potato Chips Turkey Noodles Flavor (1),2025-09-21 13:31:30,1,4.99
00F1NA,Chinese button front cardi - Blue (1),2025-09-21 14:05:54,1,30.0
03E0BW,Skims heart candy lacey cami (1),2025-09-21 14:41:29,1,32.0
0003PL,Free People Brown V Neck Dress w/ Blue Stitching sz 2 A (1),2025-09-21 14:42:34,1,34.99
01Y055,Daisy Rectangle Earrings (1),2025-09-21 14:46:22,1,32.0
02900G,Yadadamean (1),2025-09-21 14:46:22,1,2.5
038093,Mar 2025 Purple Crane (1),2025-09-21 14:46:22,1,15.0
0380D1,2025 Aug Dainty Celestials Earrings (2),2025-09-21 15:27:09,2,32.0
02716M,VTG Lands End Nordic Sweater A (1),2025-09-21 15:29:25,1,39.99
03W00Z,Marcy and PB bunny shirt Sticker (2),2025-09-21 15:29:25,2,8.0
03Y0LE,2000s pink zip up hoodie (1),2025-09-21 15:31:05,1,15.0
0003AR,F21 Black Lace Dress M B (1),2025-09-21 15:31:54,1,24.99
00F13C,April Daisy gold necklace (1),2025-09-21 15:32:51,1,18.0
0380DL,2025 Sep Mushroom (1),2025-09-21 15:32:51,1,16.0
02716P,VTG Hill Archer Knit Sweater A (1),2025-09-21 15:35:24,1,39.99
0003C5,Odille Vines Brown Striped Button Up sz 2 A (1),2025-09-21 15:37:09,1,29.99
0003L7,Sunny Leigh Black Sheer Cardigan M A (1),2025-09-21 15:37:09,1,26.99
03I0AM,city triangles ruffle dress (1),2025-09-21 15:41:24,1,36.0
0380EJ,2025 Sep Butterfly (1),2025-09-21 15:44:16,1,16.0
0003DQ,Avid Love Green Lace Slip Dress w/ Bow S 444 (1),2025-09-21 15:44:58,1,34.99
049006,Heart baby (1),2025-09-21 15:45:41,1,5.0
04E02R,White pink tru vtg slip (1),2025-09-21 15:50:55,1,29.99
03E0BH,Navy Blue Lingerie top (1),2025-09-21 15:51:36,1,20.0
03Y0K5,90s polo sport sweater size M (1),2025-09-21 16:04:53,1,20.0
02T14Z,vintage lei denim ğ–‘ğ–”ğ–”ğ–™ ğ–”ğ–“ ğ–™ğ–ğ–Š ğ–‘ğ–”ğ–œ (1),2025-09-21 16:05:24,1,35.0
02Q02H,Duoduo Labubu Sticker (1),2025-09-21 16:22:50,1,5.0
02W00S,AE 925 Ring (1),2025-09-21 16:22:50,1,35.0
02901N,415 Pool Balls - Large (1),2025-09-21 16:29:06,1,35.0
03W012,Me when You're not with me Card (1),2025-09-21 16:29:06,1,6.0
00F1BR,little heart necklace (1),2025-09-21 16:43:55,1,18.0
0380DT,2025 Sep Real Mushroom (1),2025-09-21 16:46:34,1,16.0
0003IS,Rocawear Navy Workwear Button Up w/ Tan Details 2XL B (1),2025-09-21 17:22:50,1,36.99
0002G9,Style & Co Green Floral Blouse M AF (1),2025-09-21 17:32:11,1,12.0
02B00I,Delicate Baby Cat Mini Print (1),2025-09-21 17:35:35,1,4.99
02B00K,Mochi Pout Mini Print (1),2025-09-21 17:35:35,1,4.99
03F00R,Purrter Cats Sticker Sheet (1),2025-09-21 17:35:35,1,12.0
0003OB,y2k Hawaiian Style Navy Tee L CK (1),2025-09-21 17:41:03,1,27.99
00F1NT,24118 - Black - M (1),2025-09-21 17:52:38,1,65.0
0001K6,Lay's Wave Roasted Chicken Wing Flavor Chips 70g (1),2025-09-21 17:54:04,1,4.99
0000QT,Y2k Espirit Skirt (1),2025-09-21 18:10:09,1,12.0
0002EU,y2k Jess and Jane Bedazzled Purple Long Sleeve L AF (1),2025-09-21 18:10:09,1,15.0
01415E,roxy gray y2k zip up (1),2025-09-21 18:10:09,1,34.0
03F001,Clay Meadow Cups (1),2025-09-22 13:04:57,1,25.0
00038P,y2k Rocawear Red Tie Dye Tank Top 10/12 B (1),2025-09-22 13:14:05,1,27.99
00F1M9,siego black leather jacket (1),2025-09-22 14:12:45,1,65.0
0380EI,2025 Sep  Flower wreath (1),2025-09-22 14:27:18,1,16.0
00038P,y2k Rocawear Red Tie Dye Tank Top 10/12 B - Return (1),2025-09-22 14:31:16,1,27.99
00038S,Southpole Green and White Striped Polo Tee L B (1),2025-09-22 14:31:16,1,27.99
02716B,Y2K Hollister Fur Trim Hoodie A (1),2025-09-22 14:56:35,1,69.99
0003P2,Tantrums Corduroy Stitched Patches Floral Vest A (1),2025-09-22 16:02:42,1,27.99
0003QK,Silx Black Button Up 1P A (1),2025-09-22 16:51:04,1,24.99
00U01C,Blue Sky Bison T-shirt L (1),2025-09-22 16:52:01,1,42.0
03Y0K3,Blue vintage windbreaker Size L (1),2025-09-22 16:53:28,1,20.0
00026M,y2k Powerpuff Girls Fleece Hoodie SS (1),2025-09-22 17:18:40,1,14.0
03Y0CQ,fem south pole army pants (1),2025-09-22 17:18:40,1,15.0
03Y0J7,2000s fem race tank (1),2025-09-22 17:18:40,1,15.0
02Q00W,Smiski At Work Sticker Sheet (1),2025-09-22 17:42:38,1,7.0
03W010,Hangyoden Da Fuq Sticker (1),2025-09-22 17:42:38,1,4.0
04E02P,Black baby pink slip (1),2025-09-22 17:55:42,1,34.0
0001H3,Tommy Hilfiger Gray Tee (1),2025-09-22 18:07:30,1,10.0
0380DG,2025 Sep  Bunny (1),2025-09-22 18:07:30,1,15.0
000310,To The Edge Beware Rock 'n' Roll Long Sleeve w/ Flames L B (1),2025-09-23 13:36:35,1,32.99
000399,Kappa Baby Blue Track Jacket M (1),2025-09-23 13:44:20,1,32.99
00U00I,Tintin x Chinatown White Mesh shorts  M (1),2025-09-23 14:15:10,1,34.0
01Y039,Fig Earrings (1),2025-09-23 14:19:59,1,34.0
03P08P,Bebe pink (1),2025-09-23 15:21:28,1,29.99
03E0CL,Hot pink lingerie dress with black trims (1),2025-09-23 16:44:46,1,25.0
0003PC,Native Purple and Black Lace Lingerie Top M A (1),2025-09-23 16:54:23,1,32.99
00U01M,Blue TsingTao Shorts L (1),2025-09-23 17:47:44,1,34.0
029012,Ghost lemon (1),2025-09-23 17:52:37,2,3.0
041005,Air Freshener by @wanderellaco (2),2025-09-23 17:52:37,2,16.0
03Y0KI,2000s fem shorts (1),2025-09-23 17:54:00,1,15.0
03Y0HJ,snatched 2000s sf shirt (1),2025-09-23 18:07:53,1,15.0
03Y0LT,snatched y2k shirt (1),2025-09-23 18:10:20,1,15.0
03Y0LW,â€œzipper broken â€œ brown jacket (1),2025-09-23 18:10:20,1,15.0
02T0VX,vintage stone mountain black slouchy bag â€¢*ğ“«ğ“ªğ“° ğ“µğ“ªğ“­ğ”‚ ËË‹Â°â€¢*â€â· (1),2025-09-24 12:58:02,1,58.0
02900A,SF Golden Gate (1),2025-09-24 13:04:45,1,2.0
02901G,Super Rush (1),2025-09-24 13:04:45,1,3.5
02B00G,Summoning Waterproof Vinyl Sticker (2),2025-09-24 13:05:42,2,7.98
02B015,Not Your Strongest Soldier Waterproof Vinyl Sticker (3),2025-09-24 13:05:42,3,11.97
00901W,Grimace 2 Pc Button (1),2025-09-24 13:46:11,1,10.0
02Q002,Squirtle Omamori Flight Tag (1),2025-09-24 13:46:11,1,8.0
00F17K,Rebecca Minkoff  Leather Crossbody Bag (1),2025-09-24 14:13:16,1,45.0
03Y0O2,2000s victorious secret tank (1),2025-09-24 14:26:04,1,15.0
02A065,shot glass (4),2025-09-24 14:32:04,4,23.96
02I006,Pochacco Sonny Angel Peeker Sticker (1),2025-09-24 14:32:04,1,8.0
02I00P,Cinnamoroll SA Sticker (1),2025-09-24 14:32:04,1,4.0
01X04N,Angelico Phonecharm (1),2025-09-24 14:42:52,1,10.0
041004,Waterproof Sticker by @wanderellaco - Return (1),2025-09-24 14:45:41,1,5.0
029005,Rooted (1),2025-09-24 15:48:50,1,2.5
02900H,Bay Area Krazy Straw (1),2025-09-24 15:48:50,2,3.0
02900I,You Feel Me (1),2025-09-24 15:48:50,1,2.5
02Q01B,Cowboy Snoopy Sticker Sheet (1),2025-09-24 15:53:35,1,7.0
03O06Q,Blue Long Sleeve (1),2025-09-24 16:03:05,1,15.0
02I01D,Proud to be Fil-Am SPAM Sticker (1),2025-09-24 16:58:04,1,4.0
00F14T,AF navy cami (1),2025-09-24 17:06:11,1,20.0
00F1LT,NFL base shirt (1),2025-09-24 17:06:11,1,38.0
03Y0H3,anchor blue 1/4 zip (1),2025-09-24 17:21:19,1,15.0
03Y0O3,2000s Nike fem top (1),2025-09-24 18:03:04,1,15.0
0380D5,2025 Aug Daisy Earrings (1),2025-09-25 12:45:56,1,16.0
0003QA,Lipstick Cream Tank Top M Made in USA A (1),2025-09-25 13:10:04,1,26.99
03Y0NT,2000s old navy snatched tank (1),2025-09-25 13:10:04,1,15.0
01X074,Angelico Charms Cross Choker (1),2025-09-25 13:33:31,1,32.5
03Y0NU,2000s megadeath snatch T (1),2025-09-25 13:41:01,1,15.0
01Y046,Simple Charm Earrings (1),2025-09-25 13:57:47,1,18.0
03Y0O4,2000s ocean specific baby T (1),2025-09-25 15:08:16,1,15.0
03Y0NM,north face zip up (1),2025-09-25 15:16:02,1,15.0
02O08P,Babydoll R Ed 7 (1),2025-09-25 15:55:28,1,36.99
03L00G,Boba Cinnamoroll (1),2025-09-25 16:07:13,1,3.0
03L00H,Boba Pompom (1),2025-09-25 16:07:13,1,3.0
03D005,AJ5 - keychains - $15 (1),2025-09-25 16:41:51,1,15.0
0002JK,Harley Davidson Puerto Penasco Mexico Red Full Zip Hoodie 40 AF (1),2025-09-25 16:55:27,1,25.0
03L013,Bunny Pochacco Keychain (1),2025-09-25 16:56:21,1,12.0
03K00F,Thai Tea - 8oz (1),2025-09-25 16:57:02,1,25.0
02R01L,Caltrain Small Print (1),2025-09-25 17:26:08,1,16.0
02713O,Y2K NYC Polka Dot Shirt $14 SALE A (1),2025-09-25 17:26:51,1,14.0
03F00M,Clay Meadow Stickers - Return (1),2025-09-25 17:32:20,1,4.0
03W00K,Jake Popcorn sticker (1),2025-09-25 17:32:20,1,4.0
0002N3,Victoria's Secret Purple Lace Corset S Sac (1),2025-09-25 17:34:49,1,14.0
03Y0L0,y2k volcom long sleeve (1),2025-09-25 17:43:22,1,15.0
00F1PK,25310 - Dark Gray -M (1),2025-09-25 17:56:51,1,68.0
04A00I,Brazil Tee (1),2025-09-25 17:56:51,1,25.0
00F1JN,bowknot hat - black (1),2025-09-26 12:16:49,1,19.0
00034Q,Carhartt Tan Double Knees B (1),2025-09-26 12:22:06,1,109.99
03O0B9,Vintage Knit Sweater (1),2025-09-26 12:24:06,1,35.0
0003NY,Betsey Johnson Lime Green Clutch w/ Cheetah Print Lining Sac (1),2025-09-26 13:31:33,1,39.99
02711Y,Ann Taylor Midi Black Skirt $14 SALE A (1),2025-09-26 13:34:36,1,14.0
0003HQ,SB Active Maroon Velour Jacket L A (1),2025-09-26 13:39:21,1,27.99
02T188,Vintage juicy velour butterfly purple foil ğ–ğ–šğ–ğ–ˆğ– ğ–‰ğ–—ğ–”ğ–• (1),2025-09-26 13:39:21,1,75.0
